Workbook

Sheet 测试说明
A2: 警务POC当前实际项目测试用例 V1.0
A5: 项目 | B5: 警务POC设备端
A6: 测试基线 | B6: 正式入口main.py及poc_ui、poc_comm当前代码
A7: 软件版本 | B7: 1.5.0
A8: 硬件版本 | B8: 1.3.0
A9: 目标设备 | B9: 移远EC800M Cat.1 / QuecPython / 296x240 LCD
A10: 用例总数 | B10: 216
A11: 用例级别 | B11: P0：核心阻断；P1：重要功能；P2：一般功能或限制确认
A12: 执行状态 | B12: 未执行、通过、失败、阻塞、不适用
A13: 测试环境 | B13: 至少2台设备、有效SIM、对讲/HTTP/TCP/MQTT平台、串口日志工具
A14: 结果填写 | B14: 执行后填写实际结果、状态、缺陷编号、测试人员和日期
A15: 日志要求 | B15: P0/P1失败必须保留完整启动、网络、协议和异常日志；音频问题同时记录两端时间线
A16: 范围说明 | B16: 覆盖当前已实现功能；已知限制单独列出，不作为已实现能力验收
A18: 建议执行顺序：冒烟测试 → P0核心链路 → 异常恢复 → P1完整回归 → P2界面与限制确认 → 8小时稳定性测试

Sheet 测试执行概览
A2: 测试执行概览
A5: 指标 | B5: 数量 | D5: 模块 | E5: 用例数 | F5: 已执行 | G5: 通过率
A6: 总用例 | B6: =COUNTA(测试用例!$A$6:$A$221) -> 216 | D6: 启动与初始化 | E6: =COUNTIF(测试用例!$B$6:$B$221,D6) -> 8 | F6: =COUNTIFS(测试用例!$B$6:$B$221,D6,测试用例!$M$6:$M$221,"<>未执行",测试用例!$M$6:$M$221,"<>") -> 0 | G6: =IF(F6=0,0,COUNTIFS(测试用例!$B$6:$B$221,D6,测试用例!$M$6:$M$221,"通过")/F6) -> 0
A7: P0 | B7: =COUNTIF(测试用例!$E$6:$E$221,"P0") -> 123 | D7: 看门狗 | E7: =COUNTIF(测试用例!$B$6:$B$221,D7) -> 3 | F7: =COUNTIFS(测试用例!$B$6:$B$221,D7,测试用例!$M$6:$M$221,"<>未执行",测试用例!$M$6:$M$221,"<>") -> 0 | G7: =IF(F7=0,0,COUNTIFS(测试用例!$B$6:$B$221,D7,测试用例!$M$6:$M$221,"通过")/F7) -> 0
A8: P1 | B8: =COUNTIF(测试用例!$E$6:$E$221,"P1") -> 78 | D8: 网络与服务器 | E8: =COUNTIF(测试用例!$B$6:$B$221,D8) -> 7 | F8: =COUNTIFS(测试用例!$B$6:$B$221,D8,测试用例!$M$6:$M$221,"<>未执行",测试用例!$M$6:$M$221,"<>") -> 0 | G8: =IF(F8=0,0,COUNTIFS(测试用例!$B$6:$B$221,D8,测试用例!$M$6:$M$221,"通过")/F8) -> 0
A9: P2 | B9: =COUNTIF(测试用例!$E$6:$E$221,"P2") -> 15 | D9: 登录与身份 | E9: =COUNTIF(测试用例!$B$6:$B$221,D9) -> 9 | F9: =COUNTIFS(测试用例!$B$6:$B$221,D9,测试用例!$M$6:$M$221,"<>未执行",测试用例!$M$6:$M$221,"<>") -> 0 | G9: =IF(F9=0,0,COUNTIFS(测试用例!$B$6:$B$221,D9,测试用例!$M$6:$M$221,"通过")/F9) -> 0
A10: 通过 | B10: =COUNTIF(测试用例!$M$6:$M$221,"通过") -> 0 | D10: 游客模式 | E10: =COUNTIF(测试用例!$B$6:$B$221,D10) -> 10 | F10: =COUNTIFS(测试用例!$B$6:$B$221,D10,测试用例!$M$6:$M$221,"<>未执行",测试用例!$M$6:$M$221,"<>") -> 0 | G10: =IF(F10=0,0,COUNTIFS(测试用例!$B$6:$B$221,D10,测试用例!$M$6:$M$221,"通过")/F10) -> 0
A11: 失败 | B11: =COUNTIF(测试用例!$M$6:$M$221,"失败") -> 0 | D11: HTTP名单与POC权限 | E11: =COUNTIF(测试用例!$B$6:$B$221,D11) -> 14 | F11: =COUNTIFS(测试用例!$B$6:$B$221,D11,测试用例!$M$6:$M$221,"<>未执行",测试用例!$M$6:$M$221,"<>") -> 0 | G11: =IF(F11=0,0,COUNTIFS(测试用例!$B$6:$B$221,D11,测试用例!$M$6:$M$221,"通过")/F11) -> 0
A12: 阻塞 | B12: =COUNTIF(测试用例!$M$6:$M$221,"阻塞") -> 0 | D12: UI导航 | E12: =COUNTIF(测试用例!$B$6:$B$221,D12) -> 7 | F12: =COUNTIFS(测试用例!$B$6:$B$221,D12,测试用例!$M$6:$M$221,"<>未执行",测试用例!$M$6:$M$221,"<>") -> 0 | G12: =IF(F12=0,0,COUNTIFS(测试用例!$B$6:$B$221,D12,测试用例!$M$6:$M$221,"通过")/F12) -> 0
D13: 组呼 | E13: =COUNTIF(测试用例!$B$6:$B$221,D13) -> 9 | F13: =COUNTIFS(测试用例!$B$6:$B$221,D13,测试用例!$M$6:$M$221,"<>未执行",测试用例!$M$6:$M$221,"<>") -> 0 | G13: =IF(F13=0,0,COUNTIFS(测试用例!$B$6:$B$221,D13,测试用例!$M$6:$M$221,"通过")/F13) -> 0
D14: 单呼 | E14: =COUNTIF(测试用例!$B$6:$B$221,D14) -> 9 | F14: =COUNTIFS(测试用例!$B$6:$B$221,D14,测试用例!$M$6:$M$221,"<>未执行",测试用例!$M$6:$M$221,"<>") -> 0 | G14: =IF(F14=0,0,COUNTIFS(测试用例!$B$6:$B$221,D14,测试用例!$M$6:$M$221,"通过")/F14) -> 0
D15: PTT与麦权 | E15: =COUNTIF(测试用例!$B$6:$B$221,D15) -> 10 | F15: =COUNTIFS(测试用例!$B$6:$B$221,D15,测试用例!$M$6:$M$221,"<>未执行",测试用例!$M$6:$M$221,"<>") -> 0 | G15: =IF(F15=0,0,COUNTIFS(测试用例!$B$6:$B$221,D15,测试用例!$M$6:$M$221,"通过")/F15) -> 0
D16: RTP音频 | E16: =COUNTIF(测试用例!$B$6:$B$221,D16) -> 23 | F16: =COUNTIFS(测试用例!$B$6:$B$221,D16,测试用例!$M$6:$M$221,"<>未执行",测试用例!$M$6:$M$221,"<>") -> 0 | G16: =IF(F16=0,0,COUNTIFS(测试用例!$B$6:$B$221,D16,测试用例!$M$6:$M$221,"通过")/F16) -> 0
D17: TCP通信 | E17: =COUNTIF(测试用例!$B$6:$B$221,D17) -> 6 | F17: =COUNTIFS(测试用例!$B$6:$B$221,D17,测试用例!$M$6:$M$221,"<>未执行",测试用例!$M$6:$M$221,"<>") -> 0 | G17: =IF(F17=0,0,COUNTIFS(测试用例!$B$6:$B$221,D17,测试用例!$M$6:$M$221,"通过")/F17) -> 0
D18: 断线重连 | E18: =COUNTIF(测试用例!$B$6:$B$221,D18) -> 7 | F18: =COUNTIFS(测试用例!$B$6:$B$221,D18,测试用例!$M$6:$M$221,"<>未执行",测试用例!$M$6:$M$221,"<>") -> 0 | G18: =IF(F18=0,0,COUNTIFS(测试用例!$B$6:$B$221,D18,测试用例!$M$6:$M$221,"通过")/F18) -> 0
D19: GNSS定位 | E19: =COUNTIF(测试用例!$B$6:$B$221,D19) -> 7 | F19: =COUNTIFS(测试用例!$B$6:$B$221,D19,测试用例!$M$6:$M$221,"<>未执行",测试用例!$M$6:$M$221,"<>") -> 0 | G19: =IF(F19=0,0,COUNTIFS(测试用例!$B$6:$B$221,D19,测试用例!$M$6:$M$221,"通过")/F19) -> 0
D20: 肩灯与双击 | E20: =COUNTIF(测试用例!$B$6:$B$221,D20) -> 8 | F20: =COUNTIFS(测试用例!$B$6:$B$221,D20,测试用例!$M$6:$M$221,"<>未执行",测试用例!$M$6:$M$221,"<>") -> 0 | G20: =IF(F20=0,0,COUNTIFS(测试用例!$B$6:$B$221,D20,测试用例!$M$6:$M$221,"通过")/F20) -> 0
D21: 实体按键与息屏 | E21: =COUNTIF(测试用例!$B$6:$B$221,D21) -> 12 | F21: =COUNTIFS(测试用例!$B$6:$B$221,D21,测试用例!$M$6:$M$221,"<>未执行",测试用例!$M$6:$M$221,"<>") -> 0 | G21: =IF(F21=0,0,COUNTIFS(测试用例!$B$6:$B$221,D21,测试用例!$M$6:$M$221,"通过")/F21) -> 0
D22: 电池与网络状态 | E22: =COUNTIF(测试用例!$B$6:$B$221,D22) -> 8 | F22: =COUNTIFS(测试用例!$B$6:$B$221,D22,测试用例!$M$6:$M$221,"<>未执行",测试用例!$M$6:$M$221,"<>") -> 0 | G22: =IF(F22=0,0,COUNTIFS(测试用例!$B$6:$B$221,D22,测试用例!$M$6:$M$221,"通过")/F22) -> 0
D23: 设置与持久化 | E23: =COUNTIF(测试用例!$B$6:$B$221,D23) -> 8 | F23: =COUNTIFS(测试用例!$B$6:$B$221,D23,测试用例!$M$6:$M$221,"<>未执行",测试用例!$M$6:$M$221,"<>") -> 0 | G23: =IF(F23=0,0,COUNTIFS(测试用例!$B$6:$B$221,D23,测试用例!$M$6:$M$221,"通过")/F23) -> 0
D24: OTA主动升级 | E24: =COUNTIF(测试用例!$B$6:$B$221,D24) -> 34 | F24: =COUNTIFS(测试用例!$B$6:$B$221,D24,测试用例!$M$6:$M$221,"<>未执行",测试用例!$M$6:$M$221,"<>") -> 0 | G24: =IF(F24=0,0,COUNTIFS(测试用例!$B$6:$B$221,D24,测试用例!$M$6:$M$221,"通过")/F24) -> 0
... D27: 当前限制 | E27: =COUNTIF(测试用例!$B$6:$B$221,D27) -> 6 | F27: =COUNTIFS(测试用例!$B$6:$B$221,D27,测试用例!$M$6:$M$221,"<>未执行",测试用例!$M$6:$M$221,"<>") -> 0 | G27: =IF(F27=0,0,COUNTIFS(测试用例!$B$6:$B$221,D27,测试用例!$M$6:$M$221,"通过")/F27) -> 0

Sheet 测试用例
A2: 测试用例（共216条）
A5: 用例编号 | B5: 模块 | C5: 功能点 | D5: 需求路径 | E5: 优先级 | F5: 测试类型 | G5: 前置条件 | H5: 测试数据 | I5: 操作步骤 | J5: 预期结果 | K5: 日志检查点 | L5: 实际结果 | M5: 执行状态 | N5: 缺陷编号 | O5: 测试人员 | P5: 执行日期 | Q5: 备注
A6: TC-001 | B6: 启动与初始化 | C6: 正常上电启动 | D6: 启动与初始化 > 正常上电启动 | E6: P0 | F6: 功能 | G6: 设备资源完整 | H6: 按前置条件准备对应真机、平台数据或故障注入条件 | I6: 1. 设备资源完整 2. 设备上电并观察启动过程 3. 观察界面、协议、声音和资源状态 4. 保存相关日志 | J6: 按顺序完成Flash、配置、通信、外设、UI和Worker初始化，进入登录页 | K6: 检查启动顺序日志且无未捕获异常 | M6: 未执行
A7: TC-002 | B7: 启动与初始化 | C7: 外置Flash挂载失败 | D7: 启动与初始化 > 外置Flash挂载失败 | E7: P1 | F7: 异常 | G7: 模拟/ext挂载失败 | H7: 按前置条件准备对应真机、平台数据或故障注入条件 | I7: 1. 模拟/ext挂载失败 2. 设备上电 3. 观察界面、协议、声音和资源状态 4. 保存相关日志 | J7: 记录失败原因，界面可进入；依赖外置资源的显示明确异常 | K7: 检查Flash挂载失败日志 | M7: 未执行
A8: TC-003 | B8: 启动与初始化 | C8: 肩灯初始化失败容错 | D8: 启动与初始化 > 肩灯初始化失败容错 | E8: P1 | F8: 异常 | G8: 断开或屏蔽ET6312B | H8: 按前置条件准备对应真机、平台数据或故障注入条件 | I8: 1. 断开或屏蔽ET6312B 2. 设备上电 3. 观察界面、协议、声音和资源状态 4. 保存相关日志 | J8: 肩灯功能不可用但登录、定位和对讲继续启动 | K8: 检查肩灯初始化失败且后续模块启动 | M8: 未执行
A9: TC-004 | B9: 启动与初始化 | C9: 看门狗初始化失败容错 | D9: 启动与初始化 > 看门狗初始化失败容错 | E9: P1 | F9: 异常 | G9: 模拟看门狗创建失败 | H9: 按前置条件准备对应真机、平台数据或故障注入条件 | I9: 1. 模拟看门狗创建失败 2. 设备上电 3. 观察界面、协议、声音和资源状态 4. 保存相关日志 | J9: 记录错误且其余业务继续运行 | K9: 检查看门狗创建失败日志 | M9: 未执行
A10: TC-005 | B10: 启动与初始化 | C10: 图片缓存初始化 | D10: 启动与初始化 > 图片缓存初始化 | E10: P2 | F10: 功能 | G10: LVGL导出缓存API | H10: 按前置条件准备对应真机、平台数据或故障注入条件 | I10: 1. LVGL导出缓存API 2. 设备上电并切换多个含图页面 3. 观察界面、协议、声音和资源状态 4. 保存相关日志 | J10: 图片缓存仅初始化一次，缓存项为12，页面正常显示 | K10: 检查无重复初始化或图片加载异常 | M10: 未执行
A11: TC-006 | B11: 启动与初始化 | C11: 图片缓存API缺失退化 | D11: 启动与初始化 > 图片缓存API缺失退化 | E11: P2 | F11: 兼容 | G11: 模拟LVGL未导出缓存API | H11: 按前置条件准备对应真机、平台数据或故障注入条件 | I11: 1. 模拟LVGL未导出缓存API 2. 设备上电 3. 观察界面、协议、声音和资源状态 4. 保存相关日志 | J11: 退化为普通图片加载，不阻断UI | K11: 检查退化日志和页面图片 | M11: 未执行
A12: TC-007 | B12: 启动与初始化 | C12: LCD残影清理 | D12: 启动与初始化 > LCD残影清理 | E12: P2 | F12: 界面 | G12: 设备上次停留在非登录页 | H12: 按前置条件准备对应真机、平台数据或故障注入条件 | I12: 1. 设备上次停留在非登录页 2. 断电后重新上电 3. 观察界面、协议、声音和资源状态 4. 保存相关日志 | J12: 上电先清显存，不出现上次页面残影 | K12: 目视检查，无错误日志 | M12: 未执行
A13: TC-008 | B13: 启动与初始化 | C13: 正式入口确认 | D13: 启动与初始化 > 正式入口确认 | E13: P1 | F13: 配置 | G13: 部署正式包 | H13: 按前置条件准备对应真机、平台数据或故障注入条件 | I13: 1. 部署正式包 2. 执行main.py 3. 观察界面、协议、声音和资源状态 4. 保存相关日志 | J13: 只启动当前正式架构，不引用main_aaa.py或POC_Old | K13: 检查模块加载路径 | M13: 未执行
A14: TC-009 | B14: 看门狗 | C14: UI正常喂狗 | D14: 看门狗 > UI正常喂狗 | E14: P0 | F14: 稳定性 | G14: 看门狗可用 | H14: 按前置条件准备对应真机、平台数据或故障注入条件 | I14: 1. 看门狗可用 2. 持续运行30分钟并操作页面 3. 观察界面、协议、声音和资源状态 4. 保存相关日志 | J14: UI主循环约每5秒喂狗，设备不重启 | K14: 检查喂狗与复位原因日志 | M14: 未执行
A15: TC-010 | B15: 看门狗 | C15: 通信繁忙时喂狗 | D15: 看门狗 > 通信繁忙时喂狗 | E15: P0 | F15: 并发 | G15: 连续组呼和页面操作 | H15: 按前置条件准备对应真机、平台数据或故障注入条件 | I15: 1. 连续组呼和页面操作 2. 持续收发语音10分钟 3. 观察界面、协议、声音和资源状态 4. 保存相关日志 | J15: 通信繁忙不影响UI喂狗，设备不被看门狗复位 | K15: 检查运行期间无看门狗复位 | M15: 未执行
A16: TC-011 | B16: 看门狗 | C16: UI主循环阻塞复位 | D16: 看门狗 > UI主循环阻塞复位 | E16: P1 | F16: 故障注入 | G16: 可注入UI阻塞超过20秒 | H16: 按前置条件准备对应真机、平台数据或故障注入条件 | I16: 1. 可注入UI阻塞超过20秒 2. 触发阻塞 3. 观察界面、协议、声音和资源状态 4. 保存相关日志 | J16: 看门狗按设计复位设备，复位后可重新启动 | K16: 检查复位原因 | M16: 未执行
A17: TC-012 | B17: 网络与服务器 | C17: 公网服务器选择 | D17: 网络与服务器 > 公网服务器选择 | E17: P0 | F17: 配置 | G17: SERVER_MODE=公网 | H17: 按前置条件准备对应真机、平台数据或故障注入条件 | I17: 1. SERVER_MODE=公网 2. 启动设备 3. 观察界面、协议、声音和资源状态 4. 保存相关日志 | J17: TCP、HTTP、MQTT使用公网常量配置 | K17: 检查连接目标IP和端口日志 | M17: 未执行
... A221: TC-216 | B221: 当前限制 | C221: 多设备肩灯相位未实现 | D221: 当前限制 > 多设备肩灯相位未实现 | E221: P2 | F221: 限制确认 | G221: 多设备同时开启同模式 | H221: 按前置条件准备对应真机、平台数据或故障注入条件 | I221: 1. 多设备同时开启同模式 2. 长时间比较相位 3. 观察界面、协议、声音和资源状态 4. 保存相关日志 | J221: 记录当前不保证服务器时间统一相位 | K221: 形成后续需求数据 | M221: 未执行

Sheet 需求覆盖矩阵
A2: 需求覆盖矩阵
A5: 需求编号 | B5: 需求模块 | C5: 需求描述 | D5: 对应用例编号 | E5: 用例数量 | F5: 覆盖状态 | G5: 当前限制说明
A6: REQ-01 | B6: 启动与初始化 | C6: 覆盖功能需求文档“启动与初始化”分支的正常、异常、边界和恢复场景 | D6: TC-001、TC-002、TC-003、TC-004、TC-005、TC-006、TC-007、TC-008 | E6: 8 | F6: 已覆盖
A7: REQ-02 | B7: 看门狗 | C7: 覆盖功能需求文档“看门狗”分支的正常、异常、边界和恢复场景 | D7: TC-009、TC-010、TC-011 | E7: 3 | F7: 已覆盖
A8: REQ-03 | B8: 网络与服务器 | C8: 覆盖功能需求文档“网络与服务器”分支的正常、异常、边界和恢复场景 | D8: TC-012、TC-013、TC-014、TC-015、TC-016、TC-017、TC-018 | E8: 7 | F8: 已覆盖
A9: REQ-04 | B9: 登录与身份 | C9: 覆盖功能需求文档“登录与身份”分支的正常、异常、边界和恢复场景 | D9: TC-019、TC-020、TC-021、TC-022、TC-023、TC-024、TC-025、TC-026、TC-027 | E9: 9 | F9: 已覆盖
A10: REQ-05 | B10: 游客模式 | C10: 覆盖功能需求文档“游客模式”分支的正常、异常、边界和恢复场景 | D10: TC-028、TC-029、TC-030、TC-031、TC-032、TC-033、TC-034、TC-035、TC-036、TC-037 | E10: 10 | F10: 已覆盖
A11: REQ-06 | B11: HTTP名单与POC权限 | C11: 覆盖功能需求文档“HTTP名单与POC权限”分支的正常、异常、边界和恢复场景 | D11: TC-038、TC-039、TC-040、TC-041、TC-042、TC-043、TC-044、TC-045、TC-046、TC-047、TC-048、TC-049、TC-050、TC-051 | E11: 14 | F11: 已覆盖
A12: REQ-07 | B12: UI导航 | C12: 覆盖功能需求文档“UI导航”分支的正常、异常、边界和恢复场景 | D12: TC-052、TC-053、TC-054、TC-055、TC-056、TC-057、TC-058 | E12: 7 | F12: 已覆盖
A13: REQ-08 | B13: 组呼 | C13: 覆盖功能需求文档“组呼”分支的正常、异常、边界和恢复场景 | D13: TC-059、TC-060、TC-061、TC-062、TC-063、TC-064、TC-065、TC-066、TC-067 | E13: 9 | F13: 已覆盖
A14: REQ-09 | B14: 单呼 | C14: 覆盖功能需求文档“单呼”分支的正常、异常、边界和恢复场景 | D14: TC-068、TC-069、TC-070、TC-071、TC-072、TC-073、TC-074、TC-075、TC-076 | E14: 9 | F14: 已覆盖
A15: REQ-10 | B15: PTT与麦权 | C15: 覆盖功能需求文档“PTT与麦权”分支的正常、异常、边界和恢复场景 | D15: TC-077、TC-078、TC-079、TC-080、TC-081、TC-082、TC-083、TC-084、TC-085、TC-086 | E15: 10 | F15: 已覆盖
A16: REQ-11 | B16: RTP音频 | C16: 覆盖功能需求文档“RTP音频”分支的正常、异常、边界和恢复场景 | D16: TC-087、TC-088、TC-089、TC-090、TC-091、TC-092、TC-093、TC-094、TC-095、TC-096、TC-097、TC-098、TC-099、TC-100、TC-101、TC-102、TC-103、TC-104、TC-105、TC-106、TC-107、TC-108、TC-109 | E16: 23 | F16: 已覆盖
A17: REQ-12 | B17: TCP通信 | C17: 覆盖功能需求文档“TCP通信”分支的正常、异常、边界和恢复场景 | D17: TC-110、TC-111、TC-112、TC-113、TC-114、TC-115 | E17: 6 | F17: 已覆盖
... A26: REQ-21 | B26: 日志与诊断 | C26: 覆盖功能需求文档“日志与诊断”分支的正常、异常、边界和恢复场景 | D26: TC-206、TC-207、TC-208、TC-209、TC-210 | E26: 5 | F26: 已覆盖
A27: REQ-22 | B27: 当前限制 | C27: 覆盖功能需求文档“当前限制”分支的正常、异常、边界和恢复场景 | D27: TC-211、TC-212、TC-213、TC-214、TC-215、TC-216 | E27: 6 | F27: 限制确认 | G27: 仅验证当前行为，不作为已实现功能验收

Sheet 协议测试矩阵
A2: 协议测试矩阵
A5: 协议 | B5: 消息/接口 | C5: 方向 | D5: 触发条件 | E5: 正常结果 | F5: 超时或重试 | G5: 关键日志 | H5: 关联用例
A6: TCP | B6: 0x01 / 0x81 登录 | C6: 设备↔服务器 | D6: 用户确认登录或断线恢复 | E6: 按结果码完成当前登录事务 | F6: 无应答进入既有异常/游客流程；明确拒绝不重发 | G6: request_cnt、结果码、事务状态 | H6: TC-027~TC-035
A7: TCP | B7: 0x02 / 0x82 心跳 | C7: 设备↔服务器 | D7: 登录后心跳周期 | E7: 应答匹配 | F7: 按通信层既有重试规则 | G7: 计数、发送和应答 | H7: TCP通信-心跳
A8: TCP | B8: 0x0B / 0x8B 远端讲话 | C8: 服务器→设备 | D8: 其他成员获得麦权 | E8: 记录组、讲话人、UDP端口并激活RTP | F8: 激活包500ms节奏重试 | G8: 端口、选中组、应答 | H8: 组呼、RTP音频相关用例
A9: TCP | B9: 0x0C / 0x8C 远端空闲 | C9: 服务器→设备 | D9: 远端释放麦权 | E9: 结束接收业务、清缓存并回IDLE | F9: 立即处理，不等待5秒 | G9: 组ID、会话和接收模式 | H9: 组呼-远端空闲
A10: UDP | B10: RTP激活包 | C10: 设备→服务器 | D10: 收到有效0x0B | E10: 向通知UDP端口发送 | F10: 0/500/1000ms发送，1500ms超时 | G10: 每次发送、端口和超时 | H10: RTP音频首包用例
A11: UDP | B11: RTP语音包 | C11: 双向 | D11: 持有或接收麦权 | E11: G.711音频正常发送/播放 | F11: 抖动缓冲、补静音和重同步 | G11: 首包、目标端口、序号异常 | H11: RTP音频用例
A12: HTTP | B12: 成员名单GET | C12: 设备↔平台 | D12: 登录前或页面刷新 | E12: 缓存组和成员、识别本机POC权限 | F12: 超时5秒，临时线程结束 | G12: URL、返回数据、缓存版本 | H12: HTTP名单与POC权限用例
A13: MQTT | B13: 版本查询query/report | C13: 设备↔平台 | D13: 点击查询新版本 | E13: QoS1发布一次并匹配有效report | F13: 等待3秒；无应答重连一次再发一次 | G13: topic、JSON、request_id | H13: OTA主动升级查询用例
A14: MQTT | B14: upgrade_status | C14: 设备→平台 | D14: 升级状态变化 | E14: 发布准备、下载、成功或失败状态 | F14: QoS1；失败记录日志 | G14: task_id、Updata_Sta | H14: OTA主动升级状态用例
A15: FOTA | B15: bulk_download(info=[]) | C15: 设备→官方库 | D15: 用户确认升级 | E15: 空列表表示成功 | F15: 失败列表只重试失败文件，最多3次，间隔2秒 | G15: 输入清单和完整返回值 | H15: OTA下载用例
A16: FOTA | B16: set_update_flag(True) | C16: 设备→官方库 | D16: 下载完成并完成两段提示 | E16: 设置重命名模式并准备重启 | F16: 异常上报upgrade_fail并恢复业务 | G16: 调用参数和返回/异常 | H16: OTA升级标志用例

Sheet 测试数据
A2: 测试数据准备
A5: 数据编号 | B5: 类别 | C5: 名称 | D5: 建议值/示例 | E5: 用途 | F5: 执行前填写
A6: DATA-01 | B6: 设备 | C6: 设备A | D6: EC800M / HW 1.3.0 / SW 1.5.0 | E6: 主测设备
A7: DATA-02 | B7: 设备 | C7: 设备B | D7: 同组在线设备 | E7: 双设备组呼/单呼
A8: DATA-03 | B8: 账号 | C8: 正常警号 | D8: 平台已注册且未在别处登录 | E8: 成功登录
A9: DATA-04 | B9: 账号 | C9: 未注册警号 | D9: F100003等平台不存在警号 | E9: 拒绝登录
A10: DATA-05 | B10: 账号 | C10: 已登录警号 | D10: 已由另一台设备登录 | E10: 冲突登录
A11: DATA-06 | B11: HTTP | C11: POC ON成员 | D11: 本设备ID对应poc_enable=ON | E11: 正常对讲
A12: DATA-07 | B12: HTTP | C12: POC OFF成员 | D12: 本设备ID对应poc_enable=OFF | E12: 权限关闭
A13: DATA-08 | B13: 组呼 | C13: 测试组A/B | D13: 每组至少2名在线成员 | E13: 入组、切组、远端讲话
A14: DATA-09 | B14: 网络 | C14: 公网TCP | D14: 125.124.233.231:6060 | E14: 登录和对讲
A15: DATA-10 | B15: 网络 | C15: 公网MQTT | D15: 125.124.233.231:1883，无账号密码 | E15: OTA查询
A16: DATA-11 | B16: OTA | C16: 无更新应答 | D16: has_update=0，request_id匹配 | E16: 最新版本场景
A17: DATA-12 | B17: OTA | C17: 兼容更新 | D17: V1.5.1，硬件/固件包含本机 | E17: 正常升级
... A22: DATA-17 | B22: 日志 | C22: 统一时间基准 | D22: 两台设备及服务器时间误差小于100ms | E22: 双端日志对齐

Sheet 已知限制
A2: 当前限制与未完成功能
A5: 编号 | B5: 限制项 | C5: 当前状态 | D5: 测试处理 | E5: 后续建议
A6: LIM-01 | B6: 跌倒检测告警闭环 | C6: 当前只有UI开关，未形成完整检测、上报、告警和恢复闭环 | D6: 仅确认当前UI行为 | E6: 另立需求补充传感器算法和告警协议
A7: LIM-02 | B7: 单呼成员离线自动解散 | C7: 刷新后成员离线时自动解散尚未实现 | D7: 记录当前行为，不作为通过项 | E7: 补充状态机和回归用例
A8: LIM-03 | B8: 充电状态 | C8: 硬件充电状态接口尚未接入 | D8: 仅测试电压和电量 | E8: 接口确认后补充充电中/充满场景
A9: LIM-04 | B9: 专网MQTT | C9: 专网地址目前为占位值 | D9: 正式参数缺失时标记阻塞 | E9: 获取真实专网参数后执行
A10: LIM-05 | B10: 平台主动OTA | C10: 当前仅支持设备主动查询升级 | D10: 主动推送不得启动升级 | E10: 后续若需要另行设计协议
A11: LIM-06 | B11: OTA百分比 | C11: 官方接口不提供百分比 | D11: 只验收准备、下载中、下载完成、重启和结果状态 | E11: 无需模拟百分比
A12: LIM-07 | B12: 多设备肩灯统一相位 | C12: 同步方案尚未实现 | D12: 仅记录当前相位差 | E12: 服务器毫秒时间与统一边界方案另行实现
A13: LIM-08 | B13: HTTP完整原始日志 | C13: 目前用于联调，后续可能删除 | D13: 确认内容完整且不影响运行 | E13: 量产前评估日志级别
